cluster,prep_score,attendance_score,homework_score,interaction_score,engajamento
0,0.4707987760024616,0.5949111625564345,0.43423715407240343,0.6745115889457374,0.5969738251074753
1,0.0,0.08888888888888889,0.0,0.39999999999999997,0.09999999999999999
2,0.4152203188967895,0.5339218379659556,0.35605809631544927,0.6336875134669252,0.5310956690368455
3,0.531717201160007,0.6311914082141133,0.4892886026096859,0.7136656664776517,0.648458864537938
